Artist,TrackNames
$uicideboy$,"['Paris', 'My Flaws Burn Through My Skin Like Demonic Flames from Hell', 'Kill Yourself (Part III)', 'Antarctica', 'For the Last Time', '...And to Those I Love, Thanks for Sticking Around']"
"$uicideboy$, Pouya","[""Runnin' Thru the 7th with My Woadies""]"
*NSYNC,"['Bye Bye Bye', ""It's Gonna Be Me""]"
21 Savage,"['a lot', 'ball w/o you']"
"21 Savage, Metro Boomin","['Runnin', 'Glock In My Lap']"
"21 Savage, Metro Boomin, Young Thug",['Rich Nigga Shit (feat. Young Thug)']
3 Doors Down,"['Kryptonite', ""When I'm Gone"", 'Here Without You']"
311,"['Amber', 'Amber']"
5 Seconds of Summer,['She Looks So Perfect']
50 Cent,"['P.I.M.P.', 'In Da Club', 'Many Men (Wish Death)', 'Just A Lil Bit']"
"50 Cent, Nate Dogg",['21 Questions']
"50 Cent, Olivia",['Candy Shop']
80purppp,['Hex']
A Boogie Wit da Hoodie,"['Still Think About You', 'My Shit', 'Secrets']"
"A Boogie Wit da Hoodie, Kodak Black",['Drowning (feat. Kodak Black)']
A Day To Remember,['The Downfall Of Us All']
A Perfect Circle,['Judith']
A$AP Rocky,['Sundress']
"A$AP Rocky, Drake, 2 Chainz, Kendrick Lamar","[""F**kin' Problems (feat. Drake, 2 Chainz & Kendrick Lamar)""]"
AFI,['Miss Murder']
Aaliyah,"['Rock The Boat', 'Are You That Somebody']"
Aaron May,['Let Go']
Aaron Y Su Grupo Ilusion,['Todo Me Gusta De Ti']
Adele,"['Make You Feel My Love', 'Chasing Pavements', 'Rolling in the Deep', 'Set Fire to the Rain', 'Someone Like You', 'Love In The Dark']"
Afroman,['Crazy Rap (Colt 45 & 2 Zig Zags)']
"Akon, Eminem",['Smack That']
Alex G,"['Mary', 'Sarah']"
"Alex G, Emily Yacina",['Treehouse']
Alice Deejay,['Better Off Alone']
Alicia Keys,"[""Fallin'"", ""If I Ain't Got You""]"
Alien Ant Farm,['Smooth Criminal']
All Time Low,"['Dear Maria, Count Me In']"
American Authors,['Best Day Of My Life']
Aphex Twin,['QKThr']
Arctic Monkeys,"['Fluorescent Adolescent', '505', 'Do I Wanna Know?', 'I Wanna Be Yours', 'R U Mine?', ""Why'd You Only Call Me When You're High?""]"
Ariana Grande,['One Last Time']
Ashanti,"['Foolish', 'Rock Wit U (Awww Baby)']"
Audioslave,"['Like a Stone', 'Show Me How to Live']"
Avenged Sevenfold,['Hail to the King']
Aventura,['Dile al Amor']
"Aventura, Don Omar",['Ella Y Yo - Featuring Don Omar']
"Aventura, Judy Santos",['Obsesion']
Avicii,"['Wake Me Up', 'The Nights']"
Avril Lavigne,"['Complicated', 'Sk8er Boi', 'Girlfriend']"
"B.o.B, Bruno Mars","[""Nothin' on You (feat. Bruno Mars)""]"
"Baby Bash, Frankie J",['Suga Suga']
Baby Keem,"['ORANGE SODA', 'HONEST', '16']"
"Baby Keem, Kendrick Lamar",['family ties (with Kendrick Lamar)']
Bad Bunny,['Tití Me Preguntó']
"Bad Bunny, Chencho Corleone",['Me Porto Bonito']
Bakar,['Hell N Back']
Basement,['Covet']
Bastille,['Pompeii']
Beach House,['Space Song']
Beyoncé,"['Love On Top', 'CUFF IT']"
"Beyoncé, JAY-Z",['Crazy In Love (feat. Jay-Z)']
Big & Rich,['Save a Horse (Ride a Cowboy)']
"Big Sean, E-40","[""I Don't Fuck With You""]"
"Big Sean, Lil Wayne, Jhené Aiko",['Beware']
Big Tymers,['Still Fly']
Billie Eilish,"['everything i wanted', ""when the party's over"", 'Happier Than Ever', 'TV']"
"Billie Eilish, Khalid",['lovely (with Khalid)']
Billy Currington,['Good Directions']
Black Eyed Peas,"['Where Is The Love?', 'Pump It', 'I Gotta Feeling', 'Meet Me Halfway']"
Blake Shelton,"[""Ol' Red""]"
Blondie,['Call Me']
Bon Iver,"['Skinny Love', 'Beach Baby']"
"Bon Iver, St. Vincent",['Rosyln']
Bon Jovi,"[""It's My Life""]"
Bowling For Soup,['1985']
Breaking Benjamin,"['The Diary of Jane - Single Version', 'I Will Not Bow']"
Brent Faiyaz,"['Poison', 'Trust', 'Been Away', 'Rehab (Winter In Paris)', 'Clouded', 'ALL MINE']"
Bring Me The Horizon,['Can You Feel My Heart']
Britney Spears,"['Oops!...I Did It Again', 'Toxic', 'Gimme More', 'Circus', 'Womanizer']"
Brooks & Dunn,"['Red Dirt Road', 'My Maria', 'Neon Moon', ""Boot Scootin' Boogie""]"
Bruno Mars,"['Grenade', 'Just the Way You Are', 'Marry You', 'Talking to the Moon', 'Runaway Baby', 'It Will Rain', 'Treasure', 'Locked out of Heaven', 'When I Was Your Man', ""That's What I Like""]"
Bryson Tiller,"['Right My Wrongs', ""Let Em' Know"", ""Don't"", 'Exchange']"
BØRNS,['Electric Love']
Cage The Elephant,"[""Ain't No Rest for the Wicked"", 'Come a Little Closer', 'Cigarette Daydreams']"
Calvin Harris,"['Feel So Close - Radio Edit', 'Summer']"
"Calvin Harris, Rihanna",['This Is What You Came For']
Capital Cities,['Safe And Sound']
"Carin Leon, Grupo Frontera",['Que Vuelvas']
Carly Rae Jepsen,['Call Me Maybe']
Carrie Underwood,['Before He Cheats']
Cassie,['Me & U']
Chase Atlantic,['Friends']
Chayce Beckham,['23']
Cherub,['Doses & Mimosas']
Chevelle,"['The Red', 'Send the Pain Below']"
Chief Keef,['Love Sosa']
Childish Gambino,"['Bonfire', 'Les', 'Heartbeat', '3005', 'Me and Your Mama', 'Redbone']"
Chingy,['Right Thurr']
Chris Brown,"['Yo (Excuse Me Miss)', 'Forever', 'Under The Influence']"
"Chris Brown, Juelz Santana",['Run It! (feat. Juelz Santana)']
Chris Stapleton,"['Tennessee Whiskey', 'Parachute', 'Broken Halos', 'You Should Probably Leave', 'Starting Over']"
Christina Perri,['A Thousand Years']
"Ciara, Missy Elliott","['One, Two Step (feat. Missy Elliott)']"
Cigarettes After Sex,"['Sunsetz', 'Apocalypse', 'K.', 'Cry']"
"Cochise, $NOT",['Tell Em']
Cody Johnson,"['Me and My Kind', ""'Til You Can't""]"
Colbie Caillat,['Bubbly']
Coldplay,"['Sparks', 'Yellow', 'The Scientist', 'Clocks', 'Fix You', 'Viva La Vida', 'Paradise', 'A Sky Full of Stars']"
Cole Swindell,['She Had Me At Heads Carolina']
Conan Gray,['Heather']
Corinne Bailey Rae,['Put Your Records On']
Creed,['One Last Breath']
Crossfade,['Cold']
Cults,['Always Forever']
D12,['My Band']
D4L,['Laffy Taffy']
"DJ Khaled, Lil Baby, Lil Durk",['EVERY CHANCE I GET (feat. Lil Baby & Lil Durk)']
DNCE,['Cake By The Ocean']
Daddy Yankee,"['Lo Que Pasó, Pasó', 'Gasolina']"
Daft Punk,['One More Time']
Daniel Caesar,['Japanese Denim']
"Daniel Caesar, Kali Uchis",['Get You (feat. Kali Uchis)']
Darius Rucker,"['Alright', 'Wagon Wheel']"
"David Guetta, Akon",['Sexy Bitch (feat. Akon)']
"David Guetta, Bebe Rexha","[""I'm Good (Blue)""]"
"David Guetta, Kid Cudi",['Memories (feat. Kid Cudi)']
"David Guetta, Sia",['Titanium (feat. Sia)']
Deftones,"['Change (In the House of Flies)', 'Digital Bath', 'Cherry Waves', 'Sextape']"
Dierks Bentley,"[""What Was I Thinkin'""]"
"Diplo, Morgan Wallen",['Heartless (feat. Morgan Wallen)']
"Disclosure, Sam Smith",['Latch']
Disturbed,['Down with the Sickness']
Doja Cat,['Woman']
"Doja Cat, SZA",['Kiss Me More (feat. SZA)']
Dominic Fike,['Babydoll']
Don Omar,"['Dile', 'Salió El Sol']"
"Don Omar, Lucenzo",['Danza Kuduro']
Dr. Dog,"[""Where'd All the Time Go?""]"
Drake,"['Best I Ever Had', 'Over', 'Headlines', 'Cameras / Good Ones Go Interlude - Medley', 'Shot For Me', 'Marvins Room', 'Jungle', 'Feel No Ways', 'Passionfruit', 'Teenage Fever', 'Nice For What', ""God's Plan""]"
"Drake, 21 Savage","['Spin Bout U', 'Jimmy Cooks (feat. 21 Savage)', 'Rich Flex']"
"Drake, 21 Savage, Project Pat",['Knife Talk (with 21 Savage ft. Project Pat)']
"Drake, Giveon",['Chicago Freestyle (feat. Giveon)']
"Drake, Jhené Aiko",['From Time']
"Drake, Kanye West, Lil Wayne, Eminem",['Forever']
"Drake, Lil Baby",['Wants and Needs (feat. Lil Baby)']
"Drake, Lil Durk",['Laugh Now Cry Later (feat. Lil Durk)']
"Drake, Lil Wayne","['HYFR (Hell Ya Fucking Right)', 'The Motto']"
"Drake, Majid Jordan","[""Hold On, We're Going Home""]"
"Drake, Playboi Carti",['Pain 1993 (with Playboi Carti)']
"Drake, Rihanna",['Take Care']
"Drake, T.I., Swizz Beatz",['Fancy']
"Drake, Travis Scott",['Fair Trade (with Travis Scott)']
"Drake, Wizkid, Kyla",['One Dance']
"Dream Supplier, Baby Sleeps, Granular Noise",['Clean Baby Sleep White Noise (Loopable)']
Drowning Pool,['Bodies']
"Dua Lipa, DaBaby",['Levitating (feat. DaBaby)']
Duster,['Me and the Birds']
Ed Sheeran,"['Bad Habits', 'Shivers']"
Edward Sharpe & The Magnetic Zeros,['Home - 2019 - Remaster']
Eli Young Band,['Crazy Girl']
Eminem,"['The Way I Am', 'Kill You', 'The Real Slim Shady', ""Cleanin' Out My Closet"", 'Without Me', 'Sing For The Moment', 'Mockingbird', 'Lose Yourself', 'Not Afraid']"
"Eminem, Dido",['Stan']
"Eminem, Dina Rae",['Superman']
"Eminem, Dr. Dre, Snoop Dogg, Xzibit, Nate Dogg",['Bitch Please II']
"Eminem, Juice WRLD",['Godzilla (feat. Juice WRLD)']
"Eminem, Nate Dogg",['Till I Collapse']
"Eminem, Rihanna",['Love The Way You Lie']
Empire of the Sun,['Walking On A Dream']
Eric Church,"['Drink In My Hand', 'Springsteen']"
Erykah Badu,"[""Didn't Cha Know""]"
"Eslabon Armado, DannyLux",['Jugaste y Sufrí']
"Estelle, Kanye West",['American Boy']
Evanescence,"['Going Under', 'Bring Me To Life', 'My Immortal']"
"Eve, Gwen Stefani",['Let Me Blow Ya Mind']
Eyedress,"['Jealous', 'Romantic Lover']"
Fall Out Boy,"[""Sugar, We're Goin Down"", 'Dance, Dance', 'Thnks fr th Mmrs', 'Centuries']"
Falling In Reverse,['The Drug In Me Is You']
Fantasia,['When I See U']
"Far East Movement, The Cataracs, DEV",['Like A G6']
"Fat Joe, Ja Rule, Ashanti","[""What's Luv? (feat. Ja-Rule & Ashanti)""]"
Faye Webster,"['I Know You', 'Kingston']"
"Fergie, Ludacris",['Glamorous']
"Fergie, will.i.am",['Fergalicious']
Fetty Wap,['Trap Queen']
Finger Eleven,['Paralyzer']
Fitz and The Tantrums,['Out of My League']
Flo Rida,['Right Round']
"Flo Rida, T-Pain",['Low (feat. T-Pain)']
Florence + The Machine,['Dog Days Are Over']
Florida Georgia Line,['Cruise']
"Florida Georgia Line, Luke Bryan",['This Is How We Roll']
Flyleaf,"['All Around Me', ""I'm So Sick""]"
Foo Fighters,"['All My Life', 'Best of You', 'The Pretender']"
Foster The People,['Pumped Up Kicks']
Fountains Of Wayne,"[""Stacy's Mom""]"
Frank Ocean,"['Novacane', 'Thinkin Bout You', 'Pyramids', 'Lost', 'Pink + White', 'Ivy', 'Nights', 'White Ferrari']"
"Frank Ocean, Earl Sweatshirt",['Super Rich Kids']
Frankie Ballard,['Sunshine & Whiskey']
Franz Ferdinand,['Take Me Out']
"Fuerza Regida, Peso Pluma",['Igualito a Mi Apá']
Future,"['Solo', 'PUFFIN ON ZOOTIEZ']"
"Future, Drake, Tems",['WAIT FOR U (feat. Drake & Tems)']
GROUPLOVE,['Tongue Tied']
George Ezra,['Budapest']
Glass Animals,['Heat Waves']
Gnarls Barkley,['Crazy']
Godsmack,"['Awake', 'I Stand Alone']"
"GoldLink, Brent Faiyaz, Shy Glizzy",['Crew (feat. Brent Faiyaz & Shy Glizzy)']
Good Charlotte,['The Anthem']
Gorillaz,"['Clint Eastwood', 'Feel Good Inc.']"
"Gotye, Kimbra",['Somebody That I Used To Know']
Green Day,"['American Idiot', 'Wake Me up When September Ends']"
Gregory Alan Isakov,['Big Black Car']
"Gunna, Drake",['P power (feat. Drake)']
Gwen Stefani,['Hollaback Girl']
"Gwen Stefani, Akon",['The Sweet Escape']
Gym Class Heroes,"[""Cupid's Chokehold / Breakfast in America""]"
"Gym Class Heroes, Adam Levine",['Stereo Hearts (feat. Adam Levine)']
Harry Styles,"['Watermelon Sugar', 'Adore You', 'As It Was', 'Late Night Talking', 'As It Was']"
Hinder,['Lips Of An Angel']
Hoobastank,['The Reason']
Hotel Ugly,['Shut up My Moms Calling']
Hozier,"['Take Me to Church', 'Work Song', 'Like Real People Do']"
Huey Lewis & The News,['The Power Of Love']
INTERWORLD,['METAMORPHOSIS']
Idina Menzel,"['Let It Go - From ""Frozen""/Soundtrack Version']"
Imagine Dragons,"['Radioactive', 'Demons', 'Believer', 'Thunder']"
Incubus,['Wish You Were Here']
Insane Clown Posse,['In My Room']
Israel Kamakawiwo'ole,['Over the Rainbow']
Iyaz,['Replay']
"J Balvin, Bad Bunny",['LA CANCIÓN']
J. Cole,"['Work Out', 'Love Yourz', 'Wet Dreamz', 'No Role Modelz', 'MIDDLE CHILD']"
"J. Cole, 21 Savage, Morray",['m y . l i f e (with 21 Savage & Morray)']
"J. Cole, Cults, Amber Coffman",['She Knows (feat. Amber Coffman & Cults)']
"J. Cole, Miguel",['Power Trip (feat. Miguel)']
"JAY-Z, Alicia Keys",['Empire State Of Mind']
"JAY-Z, Linkin Park",['Numb / Encore']
"JAY-Z, Rihanna, Kanye West",['Run This Town']
"JUVENILE, Soulja Slim",['Slow Motion']
JVKE,['golden hour']
"Ja Rule, Ashanti",['Always On Time']
Jack Johnson,"['Better Together', 'Banana Pancakes', 'Upside Down']"
Jain,['Makeba']
Jake Owen,['Barefoot Blue Jean Night']
James Arthur,"[""Say You Won't Let Go""]"
Jamey Johnson,['In Color']
Jason Aldean,"['Big Green Tractor', ""She's Country"", 'Dirt Road Anthem']"
Jason Mraz,"[""I'm Yours""]"
"Jay Sean, Lil Wayne",['Down']
Jelly Roll,['Son Of A Sinner']
Jeremih,['oui']
Jet,['Are You Gonna Be My Girl']
"Jhené Aiko, Kendrick Lamar",['Stay Ready (What A Life)']
Jimmy Eat World,"['Sweetness', 'The Middle']"
Joan Sebastian,['Secreto De Amor']
Joe Nichols,['Tequila Makes Her Clothes Fall Off']
Joey Bada$$,['Love Is Only a Feeling']
John Legend,['All of Me']
John Mayer,"['Your Body Is a Wonderland', 'Slow Dancing in a Burning Room', 'Waiting On the World to Change']"
Johnny Cash,['Hurt']
Joji,['SLOW DANCING IN THE DARK']
Jon Pardi,"['Night Shift', 'Heartache On The Dance Floor', 'Head Over Boots', 'Dirt On My Boots']"
Jonas Brothers,"[""Burnin' Up""]"
"Jordan Davis, Luke Bryan",['Buy Dirt']
Josh Turner,"['Would You Go With Me', 'Your Man']"
Joy Again,['Looking Out for You']
Juice WRLD,"['All Girls Are The Same', 'Lean Wit Me', 'Lucid Dreams', 'Let Me Know (I Wonder Why Freestyle)', 'Robbery', 'Wishing Well']"
Justin Bieber,"['Love Yourself', 'Ghost']"
"Justin Bieber, Ludacris",['Baby']
"Justin Bieber, Nicki Minaj",['Beauty And A Beat']
Justin Timberlake,"['Rock Your Body', 'Cry Me a River', 'Mirrors', 'CAN\'T STOP THE FEELING! (from DreamWorks Animation\'s ""TROLLS"")']"
"Justin Timberlake, T.I.",['My Love (feat. T.I.)']
"Justin Timberlake, Timbaland",['SexyBack (feat. Timbaland)']
Kali Uchis,"['Melting', 'telepatía']"
"Kali Uchis, Tyler, The Creator, Bootsy Collins","['After The Storm (feat. Tyler, The Creator & Bootsy Collins)']"
Kanye West,"['Through The Wire', 'Jesus Walks', 'Champion', 'Stronger', 'Good Morning', ""Can't Tell Me Nothing"", 'I Wonder', 'Heartless', 'POWER', 'All Of The Lights', 'Bound 2', 'Father Stretch My Hands Pt. 1', 'Violent Crimes']"
"Kanye West, Chris Martin",['Homecoming']
"Kanye West, DJ Premier",['Everything I Am']
"Kanye West, Dwele",['Flashing Lights']
"Kanye West, Jamie Foxx",['Gold Digger']
"Kanye West, Lupe Fiasco",['Touch The Sky']
"Kanye West, Pusha T",['Runaway']
"Kanye West, Rick Ross",['Devil In A New Dress']
"Kanye West, Syleena Johnson",['All Falls Down']
"Kanye West, T-Pain",['Good Life']
Katy Perry,"['Hot N Cold', 'I Kissed A Girl', 'The One That Got Away', 'Last Friday Night (T.G.I.F.)', 'Teenage Dream']"
"Katy Perry, Snoop Dogg",['California Gurls']
Keane,['Somewhere Only We Know']
Keith Urban,['Somebody Like You']
Kelly Clarkson,['Since U Been Gone']
Kelsea Ballerini,"[""IF YOU GO DOWN (I'M GOIN' DOWN TOO)""]"
Ken Carson,['Yale']
Kendrick Lamar,"['A.D.H.D', 'Swimming Pools (Drank)', 'Bitch, Don’t Kill My Vibe', 'Alright', 'HUMBLE.', 'DNA.', 'PRIDE.']"
"Kendrick Lamar, Drake",['Poetic Justice']
"Kendrick Lamar, Jay Rock",['Money Trees']
"Kendrick Lamar, SZA",['All The Stars (with SZA)']
"Kendrick Lamar, Zacari",['LOVE. FEAT. ZACARI.']
Kenny Chesney,['American Kids']
"Kenny Chesney, Uncle Kracker",['When the Sun Goes Down']
Kesha,"['TiK ToK', 'Die Young']"
Keyshia Cole,['Love']
"Keyshia Cole, Missy Elliott, Lil' Kim",['Let It Go']
Khalid,['Young Dumb & Broke']
Kid Cudi,"[""Day 'N' Nite (nightmare)"", ""Day 'N' Nite (nightmare)"", 'Mr. Rager']"
"Kid Cudi, MGMT, Ratatat","['Pursuit Of Happiness (Nightmare)', 'Pursuit Of Happiness (Nightmare)']"
Kid Rock,['All Summer Long']
"Kid Rock, Sheryl Crow",['Picture (feat. Sheryl Crow)']
King Von,"['Crazy Story, Pt. 3', 'Took Her To The O']"
Kings of Leon,"['Use Somebody', 'Sex on Fire']"
Kodak Black,"[""No Flockin'""]"
Kodaline,['All I Want']
Korn,['Coming Undone']
Kylie Minogue,"[""Can't Get You out of My Head""]"
La Oreja de Van Gogh,['Rosas']
Lady Gaga,"['LoveGame', 'Poker Face', 'Bad Romance', 'Bloody Mary', 'Paparazzi']"
"Lady Gaga, Beyoncé",['Telephone']
"Lady Gaga, Colby O'Donis",['Just Dance']
Lana Del Rey,"['Radio', 'Summertime Sadness', 'Radio', 'Young And Beautiful', 'West Coast', 'Brooklyn Baby', 'Cinnamon Girl']"
"Laufey, Philharmonia Orchestra",['Let You Break My Heart Again']
Lee Ann Womack,['I Hope You Dance']
Lee Brice,['One Of Them Girls']
Leona Lewis,['Bleeding Love']
Lewis Capaldi,['Someone You Loved']
Liana Flores,['rises the moon']
Lifehouse,"['Hanging By A Moment', 'You And Me']"
Lil Baby,"['Freestyle', 'Pure Cocaine', 'Low Down']"
"Lil Baby, Drake",['Yes Indeed']
"Lil Baby, Gunna",['Drip Too Hard (Lil Baby & Gunna)']
"Lil Jon & The East Side Boyz, USHER, Ludacris",['Lovers And Friends']
"Lil Jon & The East Side Boyz, Ying Yang Twins",['Get Low']
Lil Peep,['Star Shopping']
"Lil Peep, Lil Tracy",['white tee']
"Lil Peep, rainy bear",['nuts']
Lil Tecca,['Ransom']
Lil Uzi Vert,"['XO Tour Llif3', '20 Min', 'Just Wanna Rock']"
"Lil Uzi Vert, Oh Wonder",['The Way Life Goes (feat. Oh Wonder)']
Lil Wayne,"['A Milli', 'A Milli']"
"Lil Wayne, Cory Gunz",['6 Foot 7 Foot']
"Lil Wayne, Drake, Future",['Love Me']
"Lil Wayne, Static Major",['Lollipop']
Limp Bizkit,"['Take A Look Around', 'My Way', ""Rollin' (Air Raid Vehicle)"", 'Behind Blue Eyes']"
Linkin Park,"['One Step Closer', 'Papercut', 'A Place for My Head', 'Crawling', 'In the End', 'Lying from You', 'Numb', 'Faint', 'Somewhere I Belong', 'Bleed It Out', 'Given Up', ""What I've Done""]"
Little Big Town,['Boondocks']
Lizzy McAlpine,['ceilings']
"Lloyd, Lil Wayne",['You']
Lord Huron,['The Night We Met']
Lorde,"['Royals', 'Ribs', 'Team']"
Los Tucanes De Tijuana,"['El Amor Soñado', 'Mis Tres Viejas', 'El Águila Blanca']"
"Ludacris, Shawnna","[""What's Your Fantasy (Featuring Shawna)""]"
Lukas Graham,['7 Years']
Luke Bryan,"['Rain Is A Good Thing', 'Kiss Tomorrow Goodbye', 'Country Girl (Shake It For Me)', ""I Don't Want This Night To End"", 'Play It Again', ""That's My Kind Of Night""]"
Luke Combs,"['When It Rains It Pours', 'Hurricane', 'Beautiful Crazy', 'She Got the Best of Me', 'Beer Never Broke My Heart', 'Forever After All', 'The Kind of Love We Make']"
Lupe Fiasco,['The Show Goes On']
M.I.A.,['Paper Planes']
M83,['Midnight City']
MF DOOM,"['Rapp Snitch Knishes feat. Mr. Fantastik', 'One Beer', 'Hoe Cakes']"
MGMT,"['Electric Feel', 'Time to Pretend', 'Kids']"
MKTO,['Classic']
Mac DeMarco,"['My Kind of Woman', 'Freaking Out the Neighborhood', 'Chamber Of Reflection', 'For the First Time', 'Heart To Heart']"
Mac Miller,"['The Spins', 'Small Worlds', 'Self Care']"
"Mac Miller, Bilal",['Congratulations (feat. Bilal)']
"Mac Miller, Miguel",['Weekend (feat. Miguel)']
"Macklemore & Ryan Lewis, Macklemore, Ryan Lewis, Ray Dalton","[""Can't Hold Us (feat. Ray Dalton)"", ""Can't Hold Us (feat. Ray Dalton)""]"
"Madvillain, Madlib, MF DOOM",['All Caps']
"Major Lazer, MØ, DJ Snake",['Lean On']
Manu Chao,['Me Gustas Tu']
Mariah Carey,"['We Belong Together', 'Obsessed']"
Mario,"['Let Me Love You', 'Let Me Love You']"
"Mark Ronson, Amy Winehouse",['Valerie (feat. Amy Winehouse) - Version Revisited']
"Mark Ronson, Bruno Mars",['Uptown Funk (feat. Bruno Mars)']
Maroon 5,"['This Love', 'Sunday Morning', 'She Will Be Loved - Radio Mix', 'Maps', 'Sugar']"
"Maroon 5, Christina Aguilera","['Moves Like Jagger - Studio Recording From ""The Voice"" Performance']"
"Marshmello, Jonas Brothers",['Leave Before You Love Me (with Jonas Brothers)']
Mary J. Blige,['Family Affair']
Matt Nathanson,['Come On Get Higher']
Meek Mill,['Dreams and Nightmares']
"Meek Mill, Drake",['Going Bad (feat. Drake)']
Men I Trust,['Show Me How']
MercyMe,['I Can Only Imagine']
"Metro Boomin, 21 Savage",['10 Freaky Girls (with 21 Savage)']
"Metro Boomin, Future, Chris Brown",['Superhero (Heroes & Villains) [with Future & Chris Brown]']
"Metro Boomin, Future, Don Toliver",['Too Many Nights (feat. Don Toliver & with Future)']
"Metro Boomin, Gunna",['Space Cadet (feat. Gunna)']
"Metro Boomin, The Weeknd, 21 Savage","[""Creepin' (with The Weeknd & 21 Savage)""]"
"Metro Boomin, Travis Scott, Young Thug",['Trance (with Travis Scott & Young Thug)']
Michael Jackson,['Billie Jean']
Miguel,"['Girl With The Tattoo Enter.lewd', 'Sure Thing']"
"Miguel, J. Cole",['All I Want Is You (feat. J. Cole)']
"Mike Posner, Gigamesh",['Cooler Than Me - Single Mix']
Miley Cyrus,"['Party In The U.S.A.', 'The Climb', ""We Can't Stop"", 'Wrecking Ball', 'Angels Like You']"
Milky Chance,['Stolen Dance']
Miranda Lambert,['Gunpowder & Lead']
Mitski,"['First Love/Late Spring', 'Washing Machine Heart']"
Modest Mouse,['Float On']
Modjo,['Lady - Hear Me Tonight']
Morgan Wallen,"['Spin You Around', 'Whiskey Glasses', 'The Way I Talk', ""Chasin' You"", 'Cover Me Up', 'More Than My Hometown', 'Wasted On You', 'This Bar', '7 Summers', 'Sand In My Boots']"
Mother Mother,"['Verbatim', 'Hayloft']"
Mr.Kitty,['After Dark']
Mt. Joy,['Silver Lining']
Mudvayne,['Happy?']
Mumford & Sons,"['Little Lion Man', 'The Cave']"
Muse,['Supermassive Black Hole']
"Mustard, Roddy Ricch","[""Ballin' (with Roddy Ricch)""]"
My Chemical Romance,"[""I'm Not Okay (I Promise)"", 'Helena', 'Welcome to the Black Parade', 'Teenagers']"
NBSPLV,['The Lost Soul Down']
Natasha Bedingfield,"['Unwritten', 'Pocketful of Sunshine']"
Ne-Yo,"['So Sick', 'Because Of You', 'Miss Independent']"
Nelly,"['Country Grammar (Hot Shit)', 'Hot In Herre']"
Nelly Furtado,"[""I'm Like A Bird"", 'Say It Right', 'Maneater']"
"Nelly Furtado, Timbaland",['Promiscuous']
"Nelly, City Spud",['Ride Wit Me']
"Nelly, Kelly Rowland",['Dilemma']
Neon Trees,"['Animal', 'Everybody Talks']"
New West,['Those Eyes']
Nickelback,"['How You Remind Me', 'Someday', 'Animals', 'Rockstar', 'Burn It to the Ground']"
Nicki Minaj,"['Super Bass', 'Starships']"
Nine Days,['Absolutely (Story of a Girl) - Radio Mix']
Nirvana,['About A Girl']
Noah Cyrus,['July']
Noah Kahan,['Stick Season']
Norah Jones,"[""Don't Know Why""]"
Of Monsters and Men,['Little Talks']
"Offset, Metro Boomin",['Ric Flair Drip (with Metro Boomin)']
Old Dominion,['One Man Band']
Olivia Rodrigo,"['traitor', 'brutal', 'jealousy, jealousy', 'happier', 'good 4 u', 'favorite crime', 'drivers license', 'deja vu']"
One Direction,"['What Makes You Beautiful', 'Story of My Life', 'Night Changes']"
OneRepublic,"['Secrets', 'Apologize', 'Counting Stars', 'Counting Stars', ""I Ain't Worried""]"
Outkast,"['Ms. Jackson', 'So Fresh, So Clean', 'Roses', 'Hey Ya!']"
"Outkast, Sleepy Brown",['The Way You Move (feat. Sleepy Brown)']
Owl City,['Fireflies']
Ozzy Osbourne,['Crazy Train']
P!nk,"['Who Knew', 'So What', 'Raise Your Glass']"
"P!nk, Nate Ruess",['Just Give Me a Reason (feat. Nate Ruess)']
PARTYNEXTDOOR,['Break from Toronto']
Panic! At The Disco,['I Write Sins Not Tragedies']
Papa Roach,"['Last Resort', 'Scars']"
Paramore,"['The Only Exception', 'crushcrushcrush', ""That's What You Get"", 'Misery Business', 'Decode', 'All I Wanted', ""Ain't It Fun"", 'Still into You']"
Passenger,['Let Her Go']
Patrick Watson,['Je te laisserai des mots']
Peso Pluma,['Por las Noches']
Peter Bjorn and John,['Young Folks']
Petey Pablo,['Freek-A-Leek']
Pharrell Williams,"['Happy - From ""Despicable Me 2""']"
Phoenix,['1901']
Pierce The Veil,['A Match Into Water']
"Pierce The Veil, Kellin Quinn",['King For A Day']
Pinegrove,['Need 2']
PinkPantheress,['Pain']
Pitbull,['Hotel Room Service']
"Pitbull, Kesha",['Timber (feat. Ke$ha)']
"Pitbull, Ne-Yo",['Time of Our Lives']
"Pitbull, Ne-Yo, AFROJACK, Nayer","['Give Me Everything (feat. Ne-Yo, Afrojack & Nayer)']"
"Pitbull, T-Pain",['Hey Baby (Drop It to the Floor) (feat. T-Pain)']
Plain White T's,['Hey There Delilah']
Plan B,"['Guatauba', 'Es un Secreto']"
Playboi Carti,"['Location', 'Magnolia', 'Sky']"
"Playboi Carti, Lil Uzi Vert",['Shoota (feat. Lil Uzi Vert)']
Polo G,"['Martin & Gina', 'RAPSTAR']"
"Polo G, Stunna 4 Vegas, NLE Choppa, Mike WiLL Made-It",['Go Stupid']
Pop Smoke,['What You Know Bout Love']
Post Malone,"['Go Flex', 'I Fall Apart', 'White Iverson', 'Better Now', 'Circles', 'Wow.']"
"Post Malone, 21 Savage",['rockstar (feat. 21 Savage)']
"Post Malone, Doja Cat",['I Like You (A Happier Song) (with Doja Cat)']
"Post Malone, Quavo",['Congratulations']
"Post Malone, Swae Lee","['Sunflower - Spider-Man: Into the Spider-Verse', 'Sunflower - Spider-Man: Into the Spider-Verse']"
Puddle Of Mudd,"['She Hates Me', 'Blurry']"
Queens of the Stone Age,['No One Knows']
Radiohead,['Jigsaw Falling Into Place']
Rae Sremmurd,"['This Could Be Us', 'Come Get Her']"
Rainbow Kitten Surprise,"[""It's Called: Freefall""]"
Rascal Flatts,"['Bless The Broken Road', 'Life is a Highway', 'What Hurts The Most', 'Life is a Highway']"
Red Hot Chili Peppers,"['By the Way', ""Can't Stop"", 'Soul to Squeeze', 'Snow (Hey Oh)', 'Dani California']"
"Rema, Selena Gomez",['Calm Down (with Selena Gomez)']
Richy Mitch & The Coal Miners,['Evergreen']
Rihanna,"['Pon de Replay', 'SOS', ""Don't Stop The Music"", ""Don't Stop The Music"", 'Rude Boy', 'Only Girl (In The World)', 'S&M', 'Diamonds', 'Disturbia', 'Love On The Brain', 'Needed Me']"
"Rihanna, Calvin Harris",['We Found Love']
"Rihanna, Future",['Loveeeeeee Song']
"Rihanna, JAY-Z","['Umbrella', 'Umbrella']"
"Rihanna, Mikky Ekko",['Stay']
Rise Against,"['Prayer Of The Refugee', 'Savior']"
Roar,"[""I Can't Handle Change"", 'Christmas Kids']"
Roddy Ricch,['The Box']
Ruth B.,['Dandelions']
SZA,"['Broken Clocks', 'Good Days', 'Low', 'Kill Bill', 'Kill Bill', 'Snooze']"
Sabrina Carpenter,['Nonsense']
Saliva,['Click Click Boom']
Sam Hunt,['House Party']
Sam Smith,"['Stay With Me', ""I'm Not The Only One""]"
Sara Bareilles,['Love Song']
Sara Evans,['Suds in the Bucket']
Saving Abel,['Addicted']
"ScHoolboy Q, Kendrick Lamar",['Collard Greens']
Sean Kingston,"['Beautiful Girls', 'Fire Burning']"
Sean Paul,['Temperature']
Seether,"['Fine Again', 'Remedy', 'Fake It']"
"Seether, Amy Lee",['Broken']
Selena Gomez & The Scene,['Love You Like A Love Song']
Semisonic,['Closing Time']
"Shaggy, Rayvon",['Angel']
"Shaggy, Rik Rok","[""It Wasn't Me""]"
Shakira,"['Whenever, Wherever', 'She Wolf']"
"Shakira, Wyclef Jean","[""Hips Don't Lie (feat. Wyclef Jean)""]"
Shawn Mendes,['Stitches']
Sheryl Crow,['Soak Up The Sun']
Shinedown,"['45', 'Second Chance']"
Sia,['Unstoppable']
Skillet,['Monster']
Sleepy Hallow,['2055']
Slightly Stoopid,"['Collie Man', 'Closer to the Sun']"
Slipknot,"['Before I Forget', 'Duality']"
"Snoop Dogg, Pharrell Williams","[""Drop It Like It's Hot""]"
Snow Patrol,['Chasing Cars']
Sonder,['What You Heard']
Soulja Boy,['Crank That (Soulja Boy)']
"Soulja Boy, Sammie",['Kiss Me Thru The Phone']
South Park Mexican,['Mexican Radio']
Staind,"[""It's Been Awhile"", 'Outside', 'So Far Away']"
"Stephen Sanchez, Em Beihold",['Until I Found You (with Em Beihold) - Em Beihold Version']
Steve Lacy,"['C U Girl', 'Some', 'Dark Red', 'Infrunami', 'Bad Habit']"
Stevie Wonder,['Superstition - Single Version']
Strawberry Guy,['Mrs Magic']
Sum 41,"['Fat Lip', 'In Too Deep', 'Still Waiting']"
Superheaven,['Youngest Daughter']
Surf Curse,['Freaks']
"Swedish House Mafia, John Martin","[""Don't You Worry Child - Radio Edit""]"
Switchfoot,['Meant to Live']
System Of A Down,"['Aerials', 'Chop Suey!', 'Toxicity', 'B.Y.O.B.', 'Lonely Day']"
T-Pain,"[""I'm Sprung""]"
"T-Pain, Akon",['Bartender (feat. Akon)']
"T-Pain, Yung Joc","[""Buy U a Drank (Shawty Snappin') (feat. Yung Joc)""]"
T.I.,['Whatever You Like']
TOOL,['Schism']
TV Girl,"['Lovers Rock', 'Cigarettes out the Window', 'Not Allowed', 'Blue Hair']"
Taking Back Sunday,"[""Cute Without The 'E' (Cut From The Team) - Remastered"", 'MakeDamnSure']"
Tally Hall,['Hidden In the Sand']
Tame Impala,"['The Less I Know The Better', 'Eventually', 'New Person, Same Old Mistakes', 'Let It Happen', 'Borderline']"
Taylor Swift,"['Teardrops On My Guitar - Radio Single Remix', 'Tim McGraw', 'Our Song', 'Picture To Burn', ""Should've Said No"", 'You Belong With Me', 'Love Story', 'Enchanted', 'New Romantics', 'Clean', 'Style', 'Bad Blood', 'Shake It Off', 'You Are In Love', 'Style', 'Wildest Dreams', 'Blank Space', 'Wonderland', 'Getaway Car', 'Look What You Made Me Do', 'Don’t Blame Me', 'Gorgeous', '...Ready For It?', 'Dress', 'I Did Something Bad', 'Delicate', 'You Need To Calm Down', 'The Archer', 'The Man', 'Afterglow', 'All Of The Girls You Loved Before', 'Death By A Thousand Cuts', 'Miss Americana & The Heartbreak Prince', 'Lover', 'Cruel Summer', 'Paper Rings', 'august', 'the 1', 'my tears ricochet', 'cardigan', 'champagne problems', 'Fearless (Taylor’s Version)', 'Love Story (Taylor’s Version)', 'right where you left me - bonus track', 'You Belong With Me (Taylor’s Version)', 'The Way I Loved You (Taylor’s Version)', ""All Too Well (10 Minute Version) (Taylor's Version) (From The Vault)"", ""Wildest Dreams (Taylor's Version)"", 'Anti-Hero', 'Karma', 'Lavender Haze', 'Bejeweled']"
"Taylor Swift, Bon Iver",['exile (feat. Bon Iver)']
Tego Calderón,"[""Pa' Que Retozen""]"
The All-American Rejects,"['Swing, Swing', 'Move Along', 'Dirty Little Secret', 'Gives You Hell']"
The Beach Boys,['Kokomo']
The Beatles,['Hey Jude - Remastered 2015']
The Black Keys,['Lonely Boy']
The Calling,['Wherever You Will Go']
"The Chainsmokers, Halsey",['Closer']
The Chicks,['Landslide']
The Fray,"['How to Save a Life', 'Over My Head (Cable Car)', 'You Found Me']"
"The Game, 50 Cent",['Hate It Or Love It']
The Head And The Heart,['Rivers and Roads']
The Killers,"[""All These Things That I've Done"", 'Somebody Told Me', 'Mr. Brightside', 'When You Were Young']"
The Lumineers,"['Ho Hey', 'Stubborn Love', 'Flowers in Your Hair', 'Cleopatra', 'Ophelia']"
The Neighbourhood,"['Sweater Weather', 'Daddy Issues', 'Softcore', 'You Get Me So High']"
The Offspring,"['Want You Bad', ""You're Gonna Go Far, Kid""]"
The Paper Kites,['Bloom - Bonus Track']
"The Pussycat Dolls, Busta Rhymes","[""Don't Cha""]"
The Rare Occasions,['Notion']
The Red Jumpsuit Apparatus,['Face Down']
The Shins,['New Slang - 2021 Remaster']
The Strokes,"['Someday', 'Last Nite', 'Reptilia']"
The Temper Trap,['Sweet Disposition']
The Walters,['I Love You So']
The Wanted,['Glad You Came']
The Weeknd,"['The Morning - Original', ""Can't Feel My Face"", 'Earned It (Fifty Shades Of Grey)', 'Often', 'The Hills', 'Die For You', 'Reminder', 'Party Monster', 'Die For You', 'Call Out My Name', 'Blinding Lights', 'Save Your Tears', 'Heartless']"
"The Weeknd, Daft Punk",['Starboy']
"The Weeknd, Gesaffelstein",['I Was Never There']
"The Weeknd, Lana Del Rey",['Stargirl Interlude']
The White Stripes,"['Fell In Love With a Girl', 'Seven Nation Army']"
Thirty Seconds To Mars,['The Kill']
Thomas Rhett,['Die A Happy Man']
Three Days Grace,"['I Hate Everything About You', 'I Hate Everything About You', 'Riot', 'Animal I Have Become', 'Never Too Late']"
ThxSoMch,['SPIT IN MY FACE!']
Tim McGraw,['Live Like You Were Dying']
"Timbaland, Keri Hilson, D.O.E.",['The Way I Are']
Toby Keith,"['Courtesy Of The Red, White And Blue (The Angry American)', 'As Good As I Once Was']"
"Toby Keith, Willie Nelson",['Beer For My Horses']
Tom Odell,"['Another Love', 'Another Love']"
Tom Petty and the Heartbreakers,"[""Mary Jane's Last Dance""]"
Toploader,['Dancing in the Moonlight']
Tory Lanez,['The Color Violet']
Tove Lo,['Habits (Stay High)']
Train,"['Drops of Jupiter (Tell Me)', 'Hey, Soul Sister', 'Drive By']"
Trapt,['Headstrong']
Travis Scott,"['sdp interlude', 'goosebumps', 'SICKO MODE']"
"Travis Scott, Kacy Hill",['90210 (feat. Kacy Hill)']
Travis Tritt,"[""It's A Great Day To Be Alive""]"
"Trey Songz, Nicki Minaj",['Bottoms Up (feat. Nicki Minaj)']
Trippie Redd,['The Grinch']
Twenty One Pilots,"['Stressed Out', 'Ride']"
"Twista, Kanye West, Jamie Foxx",['Slow Jamz']
Two Door Cinema Club,['What You Know']
"Ty Dolla $ign, The Weeknd, Wiz Khalifa, Mustard","['Or Nah (feat. The Weeknd, Wiz Khalifa & DJ Mustard) - Remix']"
Tyler Childers,"['Coal', 'Feathered Indians', 'Lady May', 'Shake the Frost (Live)', ""All Your'n""]"
"Tyler, The Creator","['EARFQUAKE', 'NEW MAGIC WAND', 'ARE WE STILL FRIENDS?', 'BEST INTEREST']"
"Tyler, The Creator, Frank Ocean",['She']
"Tyler, The Creator, Kali Uchis",['See You Again (feat. Kali Uchis)']
U2,['Beautiful Day']
UB40,['Red Red Wine']
USHER,"['U Remind Me', 'U Got It Bad', 'Confessions Part II']"
"USHER, Alicia Keys",['My Boo']
"USHER, Lil Jon, Ludacris",['Yeah! (feat. Lil Jon & Ludacris)']
"USHER, Pitbull","[""DJ Got Us Fallin' In Love (feat. Pitbull)""]"
"USHER, will.i.am",['OMG (feat. will.i.am)']
Uncle Kracker,"['Follow Me', 'Drift Away']"
Uncle Lucius,['Keep The Wolves Away']
Vacations,"['Young', 'Telephones']"
Vampire Weekend,['A-Punk']
Vance Joy,['Riptide']
Vanessa Carlton,['A Thousand Miles']
Vundabar,['Alien Blues']
WALK THE MOON,['Shut Up and Dance']
WILLOW,['Wait a Minute!']
"Waka Flocka Flame, Roscoe Dash, Wale",['No Hands (feat. Roscoe Dash & Wale)']
We The Kings,"['Check Yes, Juliet']"
Weezer,"['Hash Pipe', 'Island In The Sun', 'Beverly Hills']"
Whiskey Myers,['Broken Window Serenade']
"White Noise Baby Sleep, White Noise for Babies",['Clean White Noise - Loopable with no fade']
XXXTENTACION,"['Everybody Dies In Their Nightmares', 'Revenge', 'Jocelyn Flores', 'SAD!', 'Moonlight', 'Hope']"
"XXXTENTACION, Trippie Redd",['Fuck Love (feat. Trippie Redd)']
YNW Melly,['Murder on My Mind']
Yeah Yeah Yeahs,['Maps']
Yeat,['Out thë way']
Yellowcard,['Ocean Avenue']
Yot Club,['YKWIM?']
"Young Money, Drake",['Trophies']
"Young Money, Lloyd",['BedRock']
Zac Brown Band,"['Chicken Fried', 'Whatever It Is', 'Toes', 'Colder Weather']"
"Zac Brown Band, Jimmy Buffett",['Knee Deep (feat. Jimmy Buffett)']
Zach Bryan,"['Heading South', 'Condemned', 'Revival', 'Sun to Me', 'Burn, Burn, Burn', 'Something in the Orange', 'Oklahoma Smokeshow']"
Zion & Lennox,['Yo Voy (feat. Daddy Yankee)']
alt-J,['Breezeblocks']
ame,['raining for hours']
blink-182,"['First Date', 'I Miss You', 'Feeling This']"
bôa,['Duvet']
d4vd,['Romantic Homicide']
"fun., Janelle Monáe",['We Are Young (feat. Janelle Monáe)']
girl in red,['we fell in love in october']
salvia palth,"['(dream)', 'i was all over her']"
t.A.T.u.,['All The Things She Said']
